id,url,uploader,recipe_name,cookie_type,source,view_count,like_count,upload_date
6818503394970373381,https://www.tiktok.com/@itscoolkattie/video/6818503394970373381,itscoolkattie,5-Ingredient Peanut Butter Oatmeal Cookies,peanut butter,audio,78300,1577,20200422
7107304570027543814,https://www.tiktok.com/@gills_bakesandcakes/video/7107304570027543814,gills_bakesandcakes,Brown Butter Cookies with Coffee,chocolate chip,caption,18600,398,20220609
7157684881063955717,https://www.tiktok.com/@nikkicoynelol/video/7157684881063955717,nikkicoynelol,Salted Caramel Brown Butter Cookies,caramel,caption,168500,2445,20221023
7238234014321118510,https://www.tiktok.com/@bromabakery/video/7238234014321118510,bromabakery,Brown Butter Chocolate Chip Cookies,chocolate chip,audio,86800000,4600000,20230528
7241252262402723114,https://www.tiktok.com/@foodi.ma/video/7241252262402723114,foodi.ma,Crispy-Chewy Brown Butter Chocolate Chip Cookies,chocolate chip,audio,14800000,568300,20230605
7269388647554616618,https://www.tiktok.com/@bromabakery/video/7269388647554616618,bromabakery,Gluten-Free Brown Butter Chocolate Chip Cookies,gluten-free,audio,2600000,114000,20230820
7282875575067348232,https://www.tiktok.com/@sama.33221/video/7282875575067348232,sama.33221,NYC-Style Cookies (Arabic),chocolate chip,caption,12200000,344500,20230925
7287243859417943339,https://www.tiktok.com/@zeetheintrovert/video/7287243859417943339,zeetheintrovert,Single-Serve Sugar Cookie,sugar,caption,434800,7548,20231007
7296141024454397217,https://www.tiktok.com/@matheaeb/video/7296141024454397217,matheaeb,Big Norwegian Chocolate Cookies (17 x 150g),chocolate chip,caption,2200000,84400,20231031
7300963659990256938,https://www.tiktok.com/@kamry.blessed/video/7300963659990256938,kamry.blessed,Banana Oat Breakfast Cookies (toddler),breakfast,caption,1100000,22600,20231113
7308380771541175583,https://www.tiktok.com/@zeetheintrovert/video/7308380771541175583,zeetheintrovert,Famous Chewy Sugar Cookies,sugar,caption,3400000,91700,20231203
7310632892131069227,https://www.tiktok.com/@foodisyourbudi/video/7310632892131069227,foodisyourbudi,No-Chill Cut-Out Sugar Cookies,sugar,audio,1300000,51700,20231209
7311343571150343457,https://www.tiktok.com/@mili.ramesse/video/7311343571150343457,mili.ramesse,Best Cookies (Czech),chocolate chip,caption,629400,25400,20231211
7313780796001684742,https://www.tiktok.com/@travelandmunchies/video/7313780796001684742,travelandmunchies,Brown Butter Toffee Chocolate Cookies,chocolate chip,caption,3700000,212900,20231218
7343308124352171296,https://www.tiktok.com/@izzyskitchen_/video/7343308124352171296,izzyskitchen_,Perfect Frosted Sugar Cookies (cake flour),sugar,caption,783400,80400,20240306
7348186606366362912,https://www.tiktok.com/@georginaelizat/video/7348186606366362912,georginaelizat,Freezer Cookie Dough Chocolate Chunk Cookies,chocolate chip,caption,12800000,1100000,20240319
7381503515912408352,https://www.tiktok.com/@_nesbakes/video/7381503515912408352,_nesbakes,Chipless Chocolate Chip Cookies,plain,caption,3300000,134500,20240617
7381802120753712417,https://www.tiktok.com/@hannafreed/video/7381802120753712417,hannafreed,Subway-Style White Chocolate Raspberry Cookies,white chocolate,caption,862900,29900,20240618
7392012059048791342,https://www.tiktok.com/@matthewinthekitchen/video/7392012059048791342,matthewinthekitchen,Pink Frosted Sour Cream Sugar Cookies,sugar,audio,335700,11200,20240715
7394893138453613856,https://www.tiktok.com/@pudcakes/video/7394893138453613856,pudcakes,4-Ingredient Cut-Out Sugar Cookies,sugar,caption,433500,9082,20240723
7398629496112385312,https://www.tiktok.com/@ellieebakess/video/7398629496112385312,ellieebakess,White Chocolate & Raspberry Cookies,white chocolate,caption,3200000,175300,20240802
7400769412585770283,https://www.tiktok.com/@wellmadebykiley/video/7400769412585770283,wellmadebykiley,"Brown Butter Chocolate Chip Cookies (with cream, v1)",chocolate chip,caption,4500000,266200,20240808
7414612108437933343,https://www.tiktok.com/@zeetheintrovert/video/7414612108437933343,zeetheintrovert,Viral Chewy Sugar Cookies,sugar,caption,731900,14700,20240914
7419376151870721323,https://www.tiktok.com/@tasty/video/7419376151870721323,tasty,Churro Cheesecake Cookies,churro,caption,5700000,211900,20240927
7421969879042886955,https://www.tiktok.com/@healthyish_mama/video/7421969879042886955,healthyish_mama,Healthy Banana Breakfast Cookies,breakfast,audio,6300000,76100,20241004
7428651190113537312,https://www.tiktok.com/@veggilaine/video/7428651190113537312,veggilaine,Salvo-Style Pistachio Cookies,pistachio,caption,329200,10400,20241022
7429496895694818603,https://www.tiktok.com/@xclusivelyrosee/video/7429496895694818603,xclusivelyrosee,Brown Butter Milk Chocolate Cookies,chocolate chip,caption,1100000,95700,20241025
7437814272119328033,https://www.tiktok.com/@darcieratcliff/video/7437814272119328033,darcieratcliff,Crumbl-Style Vanilla Sugar Cookie Base (6 flavours),sugar,both,3500000,161100,20241116
7443894838124219694,https://www.tiktok.com/@michellek23_/video/7443894838124219694,michellek23_,Cinnamon Roll Cookies,cinnamon,caption,6600000,518600,20241202
7445012169432763690,https://www.tiktok.com/@iramsfoodstory/video/7445012169432763690,iramsfoodstory,Brown Butter Chocolate Chip Cookies,chocolate chip,caption,46000000,2600000,20241205
7445799388753988894,https://www.tiktok.com/@meatloafandmelodrama/video/7445799388753988894,meatloafandmelodrama,Christmas Cut-Out Sugar Cookies,sugar,caption,11100000,695600,20241207
7447213837570313504,https://www.tiktok.com/@georgiehalfacree/video/7447213837570313504,georgiehalfacree,Go-To Brown Butter Cookies,chocolate chip,caption,48800,1027,20241211
7448210117469670689,https://www.tiktok.com/@_gemmalouisemiles/video/7448210117469670689,_gemmalouisemiles,Christmas Tree Sugar Cookies with Buttercream,sugar,caption,206800,5492,20241214
7450926760062979350,https://www.tiktok.com/@marijamazalin/video/7450926760062979350,marijamazalin,Brooki-Style Dark Chocolate Walnut Cookies,chocolate chip,caption,1800000,64600,20241221
7451402416638922026,https://www.tiktok.com/@sophiah_lim/video/7451402416638922026,sophiah_lim,Easy Chewy Sugar Cookies (small batch),sugar,caption,1100000,21600,20241223
7451673696034442542,https://www.tiktok.com/@mazerlazer_/video/7451673696034442542,mazerlazer_,No-Chill Cut-Out Sugar Cookies (Katrina's),sugar,audio,220500,6535,20241223
7460615485671918891,https://www.tiktok.com/@iramsfoodstory/video/7460615485671918891,iramsfoodstory,Levain Chocolate Walnut Cookies,chocolate chip,caption,10500000,500300,20250116
7466096886286437675,https://www.tiktok.com/@wellmadebykiley/video/7466096886286437675,wellmadebykiley,Brown Butter Sourdough Chocolate Chip Cookies,sourdough,caption,1100000,66200,20250131
7467302942593338667,https://www.tiktok.com/@iramsfoodstory/video/7467302942593338667,iramsfoodstory,Levain-Inspired Two-Chip Chocolate Chip Cookies,chocolate chip,caption,35700000,2300000,20250203
7473316994796834090,https://www.tiktok.com/@emijuju/video/7473316994796834090,emijuju,Ooey Gooey Brown Butter Chocolate Chip Cookies,chocolate chip,caption,11100000,901300,20250220
7475523385666145582,https://www.tiktok.com/@foodiefromvt/video/7475523385666145582,foodiefromvt,3-Ingredient Protein Cookies,healthy,caption,7600000,297700,20250226
7475870926911835398,https://www.tiktok.com/@mooniebakie/video/7475870926911835398,mooniebakie,Red Velvet Raspberry Cheesecake Cookies,red velvet,caption,5900000,423600,20250226
7476912115731746103,https://www.tiktok.com/@thewhiskedpan/video/7476912115731746103,thewhiskedpan,"Monster Cookies (Oreo, Chips Ahoy, Chocolate)",monster,caption,1100000,58200,20250301
7477036669003205930,https://www.tiktok.com/@emijuju/video/7477036669003205930,emijuju,Biscoff Cookies,biscoff,caption,8100000,630600,20250302
7477182728794869014,https://www.tiktok.com/@paula.singeleuk/video/7477182728794869014,paula.singeleuk,Levain-Style Chocolate Chip Cookies,chocolate chip,caption,1300000,43500,20250302
7481350531940617503,https://www.tiktok.com/@findswithlily/video/7481350531940617503,findswithlily,Boneless (Chipless) Brown Butter Cookies,plain,caption,2100000,90700,20250313
7484674907675135275,https://www.tiktok.com/@iramsfoodstory/video/7484674907675135275,iramsfoodstory,Chocolate Chip Cookies (melted butter),chocolate chip,caption,28400000,1400000,20250322
7487495685776919830,https://www.tiktok.com/@annabellas.nl/video/7487495685776919830,annabellas.nl,Kinder Bueno Cookies,kinder,caption,462200,10700,20250330
7488942348689280274,https://www.tiktok.com/@engr.devigiabriones/video/7488942348689280274,engr.devigiabriones,Brown Butter Chocolate Chip Cookies (Filipino),chocolate chip,audio,2900000,115600,20250403
7494413278907616558,https://www.tiktok.com/@emijuju/video/7494413278907616558,emijuju,Brown Butter Chocolate Chip Cookies (cinnamon & espresso),chocolate chip,caption,5000000,396600,20250417
7496600406902983958,https://www.tiktok.com/@nishatcooks/video/7496600406902983958,nishatcooks,NYC Triple Chocolate Cookies,double chocolate,caption,639000,20400,20250423
7496934008862018838,https://www.tiktok.com/@annabellas.nl/video/7496934008862018838,annabellas.nl,Lotus Speculoos Cookies,biscoff,caption,1600000,42100,20250424
7498663037667216683,https://www.tiktok.com/@iramsfoodstory/video/7498663037667216683,iramsfoodstory,Brown Butter Brookies (bar),brookie,caption,6500000,582100,20250429
7499108810682912043,https://www.tiktok.com/@mersgoodeats/video/7499108810682912043,mersgoodeats,PB Oatmeal Chocolate Chunk Breakfast Cookies,breakfast,caption,617900,22000,20250430
7510428937516748063,https://www.tiktok.com/@caitlins_table/video/7510428937516748063,caitlins_table,White Chocolate Raspberry Spring Cookies,white chocolate,caption,172400,2824,20250531
7512125318069538080,https://www.tiktok.com/@tessveenn/video/7512125318069538080,tessveenn,Ultimate Brown Butter Chocolate Chip Cookies,chocolate chip,both,277700,6824,20250604
7515130819854372142,https://www.tiktok.com/@chefdaniellesepsy/video/7515130819854372142,chefdaniellesepsy,Single-Serve Peanut Butter Oatmeal Chip Cookie,peanut butter,caption,95600,3865,20250612
7521102217185594646,https://www.tiktok.com/@_poppycarr/video/7521102217185594646,_poppycarr,Chocolate Chip Brookies,brookie,caption,893100,47100,20250628
7526213053210266893,https://www.tiktok.com/@beverebakehouse/video/7526213053210266893,beverebakehouse,Perfect Brown Butter Chocolate Chip Cookies,chocolate chip,caption,1700000,91200,20250712
7533995753757248791,https://www.tiktok.com/@the_hungry_kat/video/7533995753757248791,the_hungry_kat,Brown Butter Chocolate Chip Cookies (Greek),chocolate chip,caption,872800,53300,20250802
7535194316864605454,https://www.tiktok.com/@zeetheintrovert/video/7535194316864605454,zeetheintrovert,Brown Butter White Chocolate Cookies,white chocolate,caption,640900,23700,20250805
7538445853686566174,https://www.tiktok.com/@wellmadebykiley/video/7538445853686566174,wellmadebykiley,Brown Butter Chocolate Chip Cookies (with cream),chocolate chip,caption,5800000,381100,20250814
7539165192907754757,https://www.tiktok.com/@mary.mooon/video/7539165192907754757,mary.mooon,Crumbl-Style Chocolate Cookies,chocolate chip,caption,4400000,131300,20250816
7542964390354799894,https://www.tiktok.com/@_nesbakes/video/7542964390354799894,_nesbakes,Soft Snickerdoodles with Cream Cheese Icing,snickerdoodle,caption,2900000,234000,20250826
7543172292583361824,https://www.tiktok.com/@bakkerij_klaashartog/video/7543172292583361824,bakkerij_klaashartog,1-2-3 Bakery Butter Cookies (ratio),butter,audio,105500,2501,20250827
7543589142496693559,https://www.tiktok.com/@sugarspiceddreams/video/7543589142496693559,sugarspiceddreams,White Chocolate Biscoff Cookies,biscoff,caption,6200000,421800,20250828
7544270026174450977,https://www.tiktok.com/@patisjanne/video/7544270026174450977,patisjanne,All-Time Favourite Chocolate Chip Cookies,chocolate chip,caption,571400,18500,20250830
7544781233994173718,https://www.tiktok.com/@mira.elaa/video/7544781233994173718,mira.elaa,Raspberry White Chocolate Cookies (Norwegian),white chocolate,caption,3100000,236500,20250831
7544789220729277718,https://www.tiktok.com/@welcometoangieskitchen/video/7544789220729277718,welcometoangieskitchen,Brown Butter Chocolate Walnut Cookies,chocolate chip,caption,3700000,218400,20250831
7545620638258482462,https://www.tiktok.com/@meatloafandmelodrama/video/7545620638258482462,meatloafandmelodrama,Halloween Cut-Out Sugar Cookies,sugar,caption,1800000,109600,20250902
7547775399833668886,https://www.tiktok.com/@aymenacooks/video/7547775399833668886,aymenacooks,Brown Butter Snickerdoodles,snickerdoodle,caption,1400000,60800,20250908
7550349866594061590,https://www.tiktok.com/@hanasjournals/video/7550349866594061590,hanasjournals,Brown Butter Chocolate Chip Cookies (Balkan),chocolate chip,caption,322000,14200,20250915
7551077417880767766,https://www.tiktok.com/@janespatisserie/video/7551077417880767766,janespatisserie,Chewy No-Chill Chocolate Chip Cookies,chocolate chip,caption,1200000,61400,20250917
7552964732488027414,https://www.tiktok.com/@rubybhogal/video/7552964732488027414,rubybhogal,Brown Butter Triple Choc Cookies with Condensed Milk,chocolate chip,caption,298900,23600,20250922
7554656265360788769,https://www.tiktok.com/@patisjanne/video/7554656265360788769,patisjanne,Brown Butter Pistachio-Stuffed Cookies,pistachio,caption,253100,8279,20250927
7556655564588141835,https://www.tiktok.com/@recipeseveryday1/video/7556655564588141835,recipeseveryday1,Tiramisu Cookies,tiramisu,caption,410100,9403,20251002
7558245590157643039,https://www.tiktok.com/@annies.little.kitchen/video/7558245590157643039,annies.little.kitchen,Frosted Cinnamon Roll Cookies,cinnamon,caption,317800,10600,20251006
7560071383611444535,https://www.tiktok.com/@stayathomewithemily/video/7560071383611444535,stayathomewithemily,Basic Soft Sugar Cookies,sugar,caption,60300,1244,20251011
7567755207350750495,https://www.tiktok.com/@haileymakesfood/video/7567755207350750495,haileymakesfood,Classic Frosted Christmas Sugar Cookies,sugar,caption,2800000,198800,20251101
7568197317807934750,https://www.tiktok.com/@katemlowery/video/7568197317807934750,katemlowery,Classic Roll-Out Sugar Cookies (large batch),sugar,caption,494900,16400,20251102
7569640402001890562,https://www.tiktok.com/@heyjpak/video/7569640402001890562,heyjpak,Brown Butter Chocolate Chip Cookies (12),chocolate chip,caption,1900000,62200,20251106
7571497766015274242,https://www.tiktok.com/@heyjpak/video/7571497766015274242,heyjpak,Biscoff-Stuffed Cookies,biscoff,caption,2400000,204800,20251111
7571864343944465686,https://www.tiktok.com/@meisjeuitdestad/video/7571864343944465686,meisjeuitdestad,Brown Butter Pecan Chocolate Cinnamon Cookies,chocolate chip,caption,46100,1415,20251112
7572973965078023479,https://www.tiktok.com/@iramsfoodstory/video/7572973965078023479,iramsfoodstory,Brown Butter Chocolate Chip Cookies (v2),chocolate chip,caption,2200000,69000,20251115
7573704092804058390,https://www.tiktok.com/@edenlinney/video/7573704092804058390,edenlinney,Studio Ghibli Sugar Cookies,sugar,caption,116200,14300,20251117
7574051086667894023,https://www.tiktok.com/@bakedbyyu/video/7574051086667894023,bakedbyyu,Biscoff-Stuffed Biscoff Cookies,biscoff,caption,1600000,83300,20251118
7576432000542821663,https://www.tiktok.com/@taylormullowney/video/7576432000542821663,taylormullowney,Sourdough Discard Brown Butter Chocolate Chip Cookies,sourdough,caption,77200,1383,20251124
7577123675527318817,https://www.tiktok.com/@keukenprinses/video/7577123675527318817,keukenprinses,Kinder Bueno Cookies,kinder,caption,416800,17800,20251126
7577328931901033735,https://www.tiktok.com/@zaharaahmed75/video/7577328931901033735,zaharaahmed75,"Almond Sugar Cookie Dough (Arabic, for decorating)",sugar,caption,169800,4628,20251127
7579779478155595063,https://www.tiktok.com/@iramsfoodstory/video/7579779478155595063,iramsfoodstory,Holiday Sprinkle Sugar Cookies,sugar,caption,12000000,822800,20251203
7581151350700903702,https://www.tiktok.com/@tonchev.dimitar/video/7581151350700903702,tonchev.dimitar,Dark Chocolate Orange Chocolate Chip Cookies,chocolate chip,caption,558000,31700,20251207
7582338804007161110,https://www.tiktok.com/@_poppycarr/video/7582338804007161110,_poppycarr,Chunky Kinder Cookies,kinder,caption,2100000,187600,20251210
7584873084847459606,https://www.tiktok.com/@patiispage/video/7584873084847459606,patiispage,Lower-Sugar Christmas Cut-Out Cookies,sugar,caption,295700,9443,20251217
7585352945080814861,https://www.tiktok.com/@karenthibakes/video/7585352945080814861,karenthibakes,Classic Vanilla Cut-Out Sugar Cookies,sugar,caption,2500000,219600,20251219
7586055481802771742,https://www.tiktok.com/@cookingwithdimples/video/7586055481802771742,cookingwithdimples,Soft-Bake Sugar Cookies with Heavy Cream,sugar,caption,1100000,53100,20251220
7586696745392835862,https://www.tiktok.com/@bake..my..day/video/7586696745392835862,bake..my..day,Christmas Sprinkle Sugar Cookies,sugar,caption,1100000,47700,20251222
7590073672929463607,https://www.tiktok.com/@emijuju/video/7590073672929463607,emijuju,Walnut Chocolate Chip Cookies,chocolate chip,caption,2100000,179700,20251231
7594529732742352142,https://www.tiktok.com/@blurrybrooklyn/video/7594529732742352142,blurrybrooklyn,Healthy Honey Peanut Butter Oatmeal Cookies,healthy,audio,6322,133,20260112
7594841288336411927,https://www.tiktok.com/@drhazelwallace/video/7594841288336411927,drhazelwallace,Banana Peanut Butter Oatmeal Cookies,healthy,caption,17900,652,20260113
7594894168879549710,https://www.tiktok.com/@eman_inthekitchen/video/7594894168879549710,eman_inthekitchen,Soft Chewy Cinnamon Sugar Cookies,snickerdoodle,caption,721600,24800,20260113
7595400425600290103,https://www.tiktok.com/@iramsfoodstory/video/7595400425600290103,iramsfoodstory,Red Velvet Chocolate Chunk Cookies,red velvet,caption,13600000,975800,20260115
7596635024452013315,https://www.tiktok.com/@_poppycarr/video/7596635024452013315,_poppycarr,Brownie Cookies,brownie,audio,2700000,173200,20260118
7597994976420662542,https://www.tiktok.com/@lilisbakespot/video/7597994976420662542,lilisbakespot,Valentine's Sprinkle Sugar Cookies with Cream Cheese Frosting,sugar,caption,443800,27500,20260122
7598255436306976022,https://www.tiktok.com/@deesbasement/video/7598255436306976022,deesbasement,Slice-and-Bake Cinnamon Roll Cookies with Maple Glaze,cinnamon,caption,140500,3471,20260122
7600442778522340638,https://www.tiktok.com/@thelifestyleofafoodie/video/7600442778522340638,thelifestyleofafoodie,Bakery-Style Brown Butter Chocolate Chip Cookies,chocolate chip,caption,400600,20100,20260128
7600822771274337558,https://www.tiktok.com/@dinestaylive/video/7600822771274337558,dinestaylive,Melt-in-Your-Mouth Chocolate Chip Cookies,chocolate chip,caption,144800,3605,20260129
7605456611653602591,https://www.tiktok.com/@mckennasalazar/video/7605456611653602591,mckennasalazar,Valentine's Sugar Cookies with Royal Icing,sugar,caption,233300,12000,20260211
7608060792440737031,https://www.tiktok.com/@taffeybakery/video/7608060792440737031,taffeybakery,Peanut Butter Oatmeal Chocolate Chip Cookies,peanut butter,caption,27300,857,20260218
7608242336144919838,https://www.tiktok.com/@audreybakes/video/7608242336144919838,audreybakes,Soft & Chewy Brown Butter Chocolate Chip Cookies,chocolate chip,caption,97100,7930,20260218
7608312019460033814,https://www.tiktok.com/@cookwithshaaa/video/7608312019460033814,cookwithshaaa,Classic Chocolate Chip Cookies,chocolate chip,caption,55300000,3300000,20260218
7609803892607454478,https://www.tiktok.com/@bakeswithlizzy/video/7609803892607454478,bakeswithlizzy,Pink Frosted Sugar Cookies,sugar,caption,3200000,189800,20260222
7611153109578026272,https://www.tiktok.com/@daphnealyssa/video/7611153109578026272,daphnealyssa,White Chocolate Raspberry Macadamia Cookies,white chocolate,caption,169500,5212,20260226
7612351765618511136,https://www.tiktok.com/@veggilaine/video/7612351765618511136,veggilaine,Soft-Baked Earl Grey Chocolate Chip Cookies,chocolate chip,caption,889500,59800,20260301
7616024974435863830,https://www.tiktok.com/@noorbakesss/video/7616024974435863830,noorbakesss,Cinnamon Roll Cookies,cinnamon,caption,1800000,112900,20260311
7616824322316864782,https://www.tiktok.com/@thelifestyleofafoodie/video/7616824322316864782,thelifestyleofafoodie,Scoopable Molten Brown Butter Chocolate Chip Cookies,chocolate chip,caption,882600,22300,20260313
7617122823362055444,https://www.tiktok.com/@arsenioeats/video/7617122823362055444,arsenioeats,Easy Chocolate Chip Cookies,chocolate chip,caption,9300000,413500,20260314
7617923819323280672,https://www.tiktok.com/@jamieommel/video/7617923819323280672,jamieommel,Brown Butter Chocolate Chunk Cookies (Dutch),chocolate chip,caption,469000,29300,20260316
7617950871824960782,https://www.tiktok.com/@butternutbakery/video/7617950871824960782,butternutbakery,Thick Soft Frosted Sugar Cookies,sugar,caption,395700,14500,20260316
7618952117767687454,https://www.tiktok.com/@typefoodie/video/7618952117767687454,typefoodie,Chewy Vanilla Sugar Cookies (double batch),sugar,caption,770900,25300,20260319
7621343869829008670,https://www.tiktok.com/@fivefootfeminine/video/7621343869829008670,fivefootfeminine,Grandma's Sour Cream Sugar Cookies,sugar,caption,57300,2592,20260325
7622047980031413518,https://www.tiktok.com/@iramsfoodstory/video/7622047980031413518,iramsfoodstory,Bakery Style Chocolate Chip Cookies,chocolate chip,caption,17700000,1300000,20260327
7625689181435596039,https://www.tiktok.com/@ayma_ya4/video/7625689181435596039,ayma_ya4,Stuffed Chocolate Chip Cookies,stuffed,caption,6100000,170600,20260406
7631901432492379425,https://www.tiktok.com/@bakeswithmarlene/video/7631901432492379425,bakeswithmarlene,Biscoff White Chocolate Cookies,biscoff,caption,1700000,125500,20260423
7633121685222280462,https://www.tiktok.com/@zeetheintrovert/video/7633121685222280462,zeetheintrovert,Homemade Chewy Sugar Cookies,sugar,caption,468700,36400,20260426
7635358404017409302,https://www.tiktok.com/@yogurtbowllover24/video/7635358404017409302,yogurtbowllover24,Salted Maple Peanut Butter Oat Cookies,healthy,caption,33000,3233,20260502
7637046664896793878,https://www.tiktok.com/@janespatisserie/video/7637046664896793878,janespatisserie,Brown Butter NYC Cookies,chocolate chip,caption,77800,3994,20260507
7640904292815080718,https://www.tiktok.com/@sugarspiceddreams/video/7640904292815080718,sugarspiceddreams,Bakery Style Oreo Stuffed Cookies,cookies and cream,caption,5900000,603300,20260517
7645859740202831125,https://www.tiktok.com/@roadtoaesthetics/video/7645859740202831125,roadtoaesthetics,High-Protein Low-Calorie Choc Chip Cookies,healthy,caption,342800,29200,20260531
7646782402441809172,https://www.tiktok.com/@bakedbyyu/video/7646782402441809172,bakedbyyu,Thick Bakery Style Chocolate Chip Cookies,chocolate chip,caption,5800000,561000,20260602
7649544283757792543,https://www.tiktok.com/@firsttrycook/video/7649544283757792543,firsttrycook,Simple Chocolate Chip Cookies (1 of 9 in post),chocolate chip,caption,78600,969,20260609
7654600517938695446,https://www.tiktok.com/@keukenprinses/video/7654600517938695446,keukenprinses,Birthday Cake Cookies with Cream Cheese Frosting,sugar,caption,387300,33400,20260623
7655366795385244942,https://www.tiktok.com/@thelifestyleofafoodie/video/7655366795385244942,thelifestyleofafoodie,Bakery-Style Brown Butter Chocolate Chip Cookies (repost),chocolate chip,caption,47000,1876,20260625
7657739069706800391,https://www.tiktok.com/@recipeincaption/video/7657739069706800391,recipeincaption,Brown Butter Brookies (bar),brookie,caption,4100000,340600,20260702
7660897986712587551,https://www.tiktok.com/@sowmthingsweet/video/7660897986712587551,sowmthingsweet,Small-Batch Thin Brown Butter Chocolate Chip Cookies,chocolate chip,caption,261400,14400,20260710
7665917262414597406,https://www.tiktok.com/@katiesbakies/video/7665917262414597406,katiesbakies,Brown Butter Bakery-Style Mini M&M Cookies,m&m,caption,199100,12300,20260724
7666154626915323154,https://www.tiktok.com/@thefoodflamingo_/video/7666154626915323154,thefoodflamingo_,"One Dough, 4 Flavours: Brown Butter Base",chocolate chip,caption,151700,4882,20260724
7666273970471193886,https://www.tiktok.com/@thirdtimesthecharm6/video/7666273970471193886,thirdtimesthecharm6,Rilakkuma Shaped Sugar Cookies,sugar,caption,22900,2518,20260725
7666851963698416929,https://www.tiktok.com/@zestlyco/video/7666851963698416929,zestlyco,Apple-Shaped Butter Cookies (small batch),sugar,caption,614100,74300,20260726
7667185968008514829,https://www.tiktok.com/@sofiyuzu/video/7667185968008514829,sofiyuzu,Banana Oat Protein Cookies,healthy,caption,43500,2432,20260727
7667760519713017119,https://www.tiktok.com/@davepizzaoven/video/7667760519713017119,davepizzaoven,Dave's Favorite Chocolate Chip Cookies,chocolate chip,caption,4300000,443700,20260729
7668654551507012886,https://www.tiktok.com/@caked.by.chloe/video/7668654551507012886,caked.by.chloe,Bakery Style Brown Butter Chocolate Chip Cookies,chocolate chip,caption,1200000,67500,20260731
7669358705040772374,https://www.tiktok.com/@_poppycarr/video/7669358705040772374,_poppycarr,Brown Butter Chocolate Chunk Cookies,chocolate chip,both,955300,113300,20260802
7670564386196573472,https://www.tiktok.com/@patisjanne/video/7670564386196573472,patisjanne,Brown Butter Macadamia White Chocolate Cookies,white chocolate,caption,132700,5439,20260805
7672024407556115726,https://www.tiktok.com/@hanncraftedcookies/video/7672024407556115726,hanncraftedcookies,Soft No-Spread Sugar Cookies (decorating),sugar,caption,101900,6504,20260809
7673568744462994706,https://www.tiktok.com/@ms.thessa/video/7673568744462994706,ms.thessa,Browned Butter Cookies,chocolate chip,caption,741100,80200,20260813
7675048440803511565,https://www.tiktok.com/@lukezfit/video/7675048440803511565,lukezfit,Healthy Protein Chocolate Chip Cookies,healthy,audio,82000,3765,20260817
7675114761234746655,https://www.tiktok.com/@cookwithhali/video/7675114761234746655,cookwithhali,Bakery-Style Brown Butter Chocolate Chip Cookies,chocolate chip,caption,2100000,161400,20260817
7675364837949558038,https://www.tiktok.com/@andreeaaagape/video/7675364837949558038,andreeaaagape,Kinder White Chocolate Cookies (Romanian),kinder,caption,85800,7176,20260818
7675420323306638625,https://www.tiktok.com/@helenakirschbaum/video/7675420323306638625,helenakirschbaum,Brown Butter Cookies (no-chip base),chocolate chip,caption,176900,13300,20260818
7675490445631294734,https://www.tiktok.com/@iramsfoodstory/video/7675490445631294734,iramsfoodstory,Kinder Bueno Stuffed Cookies,kinder,caption,11400000,776900,20260818
7675743317627391252,https://www.tiktok.com/@alinavrn/video/7675743317627391252,alinavrn,Chocolate Chip Cookies (7 large),chocolate chip,caption,145200,12900,20260819
7676158318569704737,https://www.tiktok.com/@cookingwithme255/video/7676158318569704737,cookingwithme255,Brown Butter Chocolate Chip Cookies (Dutch translation),chocolate chip,caption,31000,1310,20260820
7676762889973288224,https://www.tiktok.com/@kelly_caresse/video/7676762889973288224,kelly_caresse,Chewy White Chocolate Cookies (budget),white chocolate,caption,151100,5104,20260822
7676876787959319822,https://www.tiktok.com/@vanelanook/video/7676876787959319822,vanelanook,Brown Butter Chocolate Chip Cookies,chocolate chip,caption,216300,25500,20260822
7677045421977439518,https://www.tiktok.com/@mariamssweets_/video/7677045421977439518,mariamssweets_,Brown Butter Chocolate Chip Cookies,chocolate chip,caption,3300000,272100,20260823
7677993199566064928,https://www.tiktok.com/@foodfromclaudnine/video/7677993199566064928,foodfromclaudnine,Brown Butter Choc Chip Cookies with Ice Cream,chocolate chip,caption,222900,5894,20260825
7679311916090559757,https://www.tiktok.com/@sage.by.lana/video/7679311916090559757,sage.by.lana,White Chocolate Stuffed Cookies,white chocolate,caption,97900,4084,20260829
7679425138315562262,https://www.tiktok.com/@neurotyx/video/7679425138315562262,neurotyx,Brown Butter Chocolate Chip Cookies (Romanian),chocolate chip,caption,281500,20700,20260829
7679514894206586134,https://www.tiktok.com/@dailyracha/video/7679514894206586134,dailyracha,Viral Brown Butter Cookies,chocolate chip,both,91200,6258,20260829
7679900652964711701,https://www.tiktok.com/@analikizlievyemek/video/7679900652964711701,analikizlievyemek,Brown Butter Chocolate Chip Cookies (Turkish),chocolate chip,caption,7100000,196900,20260830
7681360589003820319,https://www.tiktok.com/@audreybakes/video/7681360589003820319,audreybakes,Taylor Swift's Chai Sugar Cookies,sugar,caption,257600,32200,20260903
7683243191612591382,https://www.tiktok.com/@crumbellebyem/video/7683243191612591382,crumbellebyem,M&S Cookie Dupe,chocolate chip,caption,34800,2607,20260908
7685366900838190344,https://www.tiktok.com/@piribelly/video/7685366900838190344,piribelly,Healthy Choc Chip Oat Cookies,healthy,caption,272200,19300,20260914
7685379657822227726,https://www.tiktok.com/@sofiyuzu/video/7685379657822227726,sofiyuzu,Two Big Healthy PB Chocolate Chip Cookies,healthy,caption,4631,232,20260914
7685781096046349599,https://www.tiktok.com/@its.juliesmith/video/7685781096046349599,its.juliesmith,Coraline Cheesecake Cookies,stuffed,caption,6200000,706200,20260915
7689922524632730911,https://www.tiktok.com/@arianamariaa11/video/7689922524632730911,arianamariaa11,Brownie Cookies,brownie,caption,6500000,740200,20260926
