ingredient,recipes_used_in,pct_of_recipes,tiktok_recipes,youtube_recipes,times_listed,median_grams,median_pct_of_recipe,common_variants
butter,859,85.0,154,705,928,170.0,17.69,unsalted butter; butter; salted butter; melted butter; softened butter
all-purpose flour,841,83.2,151,690,876,250.0,26.34,all-purpose flour; all purpose flour; flour; plain flour; ap flour
salt,799,79.0,139,660,837,3.0,0.31,salt; kosher salt; sea salt; table salt; fine sea salt
granulated sugar,797,78.8,143,654,901,100.0,12.01,granulated sugar; sugar; white sugar; caster sugar; white granulated sugar
egg,768,76.0,148,620,787,50.0,7.0,egg; eggs; eggs room temperature; egg + 1 egg yolk; eier
vanilla extract,765,75.7,127,638,829,4.7,0.72,vanilla extract; vanilla; pure vanilla extract; vanilla essence; vanilla extract/essence
baking soda,662,65.5,126,536,675,3.7,0.37,baking soda; bicarbonate of soda; bicarb soda; bicarb; soda
brown sugar,612,60.5,118,494,634,150.0,14.61,brown sugar; light brown sugar; dark brown sugar; packed brown sugar; packed light brown sugar
baking powder,406,40.2,90,316,412,4.0,0.32,baking powder; backpulver; baking powder ; بيكنج بودر; baking powder + 1/2 tsp baking soda
chocolate chips,294,29.1,64,230,328,170.0,19.53,chocolate chips; semi-sweet chocolate chips; semisweet chocolate chips; dark chocolate chips; milk chocolate chips
powdered sugar,188,18.6,21,167,203,120.0,15.62,powdered sugar; icing sugar; confectioners’ sugar; confectioners' sugar; powdered sugar/icing sugar
cinnamon,171,16.9,19,152,195,2.6,0.31,ground cinnamon; cinnamon; cinnamon powder; cinnamon optional; or .5 g ground cinnamon
cornstarch,166,16.4,34,132,168,7.8,0.7,cornstarch; corn starch; cornflour; cornstarch cornflour in uk; cornflour/cornstarch
cocoa powder,131,13.0,11,120,138,33.3,4.6,cocoa powder; unsweetened cocoa powder; natural cocoa powder; natural unsweetened cocoa powder; cacao powder
egg yolk,130,12.9,42,88,131,18.0,2.32,egg yolk; egg yolks; yolk egg yolk; egg yolk + 1 tbsp milk; egg yolk room temperature
white chocolate,128,12.7,25,103,139,150.0,14.79,white chocolate chips; white chocolate; white chocolate bar; white chocolate chips = 2 tbsp; white chocolate chip
milk,114,11.3,10,104,120,30.2,4.14,milk; whole milk; non-dairy milk; milk or water; soy milk
dark chocolate,98,9.7,21,77,111,122.5,13.82,dark chocolate; semi-sweet chocolate; bittersweet chocolate; semisweet chocolate; unsweetened chocolate
oats,82,8.1,10,72,87,160.0,18.53,rolled oats; old-fashioned rolled oats; old fashioned oats; old fashioned rolled oats; oats
oil,68,6.7,8,60,69,72.7,9.6,vegetable oil; oil; coconut oil; olive oil; melted coconut oil
ginger,61,6.0,0,61,63,2.0,0.25,ground ginger; ginger; ginger powder; grated fresh ginger; chopped crystallized ginger
peanut butter,50,4.9,14,36,51,186.0,20.22,peanut butter; creamy peanut butter; smooth peanut butter; natural peanut butter; regular skippy peanut butter
chocolate,47,4.6,20,27,57,170.0,17.55,chocolate; kinder chocolate; socola đen; chocolate + 20 g; chocolate + 0.7 ounces
food coloring,47,4.6,7,40,49,5.0,0.82,food coloring; red food coloring; red food color; yellow food coloring; red food colouring
almond extract,46,4.5,11,35,51,2.2,0.47,almond extract; almond extract or use lemon; imitation almond extract; pure almond extract; 1/8 teaspoon almond extract
molasses,46,4.5,1,45,46,113.3,13.03,molasses; unsulphured molasses; unsulphured or dark molasses; unsulfured molasses; fancy molasses
water,43,4.3,5,38,46,70.4,5.06,water; hot water; cold water; room temperature water; filtered water
cream cheese,41,4.1,8,33,41,125.0,12.1,cream cheese; softened cream cheese; cream cheese softened; pkg 125 g cream cheese; cream cheese room temp
citrus juice,40,4.0,0,40,51,30.0,4.84,lemon juice; fresh lemon juice; fresh lime juice; freshly squeezed lemon juice; orange juice
espresso powder,39,3.9,12,27,42,4.0,0.46,espresso powder; instant espresso powder; instant coffee; instant coffee granules; instant espresso/coffee
cloves,38,3.8,0,38,38,1.0,0.1,ground cloves; cloves; clove powder; ground clove
dried fruit,38,3.8,0,38,41,100.0,11.13,dried cranberries; medjool dates; some dried cranberries as decoration; cranberries; dates
cream,37,3.7,12,25,37,29.0,2.77,heavy cream; cream; heavy whipping cream; cookies and cream chocolate; double cream
flaky sea salt,37,3.7,19,18,37,1.5,0.11,flaky sea salt; salt flakes for topping; flaky salt; salt flakes; flaky sea salt or coarse sea salt
cream of tartar,36,3.6,3,33,38,4.8,0.46,cream of tartar; cream of tarter; few dashes of cream of tartar; 2 teaspoons cream of tartar
vanilla bean paste,36,3.6,20,16,40,8.1,0.9,vanilla bean paste; vanilla paste; 1 teaspoon vanilla bean paste or 7 g / 1 1/2 teaspoons vanil; vanilla bean paste or vanilla extract
walnuts,36,3.6,6,30,36,100.0,7.94,walnuts; chopped walnuts; walnut halves; very coarsely chopped walnuts; من الجوز المحمص 200 g
almond flour,35,3.5,2,33,37,100.0,18.33,almond flour; blanched almond flour; ground almonds; almond meal; almond meal 10.5oz. or freshly ground almonds
egg white,35,3.5,3,32,37,60.0,13.31,egg whites; egg white; some egg white; room temp x large egg whites; some egg white for egg wash
macadamia nuts,34,3.4,2,32,36,101.2,9.59,macadamia nuts; chopped macadamia nuts; macadamia nut; dry roasted macadamia nuts; | 2/3 cup macadamia nuts
nutmeg,32,3.2,2,30,32,0.6,0.07,nutmeg; ground nutmeg; freshly grated nutmeg; grated nutmeg
citrus zest,31,3.1,1,30,41,6.0,1.07,lemon zest; orange zest; grated lemon zest; fresh lemon zest; candied orange peel
cake flour,30,3.0,1,29,33,141.9,13.12,cake flour; minus 2 tablespoons cake flour; homemade cake flour; cake flour | 95g 蛋糕粉; cake & pastry flour
raisins,30,3.0,0,30,30,150.0,14.7,raisins; chopped raisins; raisins or other dried fruit; | 1/2 cup raisins; 40 g raisins
matcha powder,29,2.9,0,29,33,9.0,1.11,matcha powder; pure matcha powder; matcha green tea powder; matcha powder + 2 tbsp water; matcha powder | 1.5茶匙 抹茶粉
coconut,26,2.6,0,26,29,113.3,21.35,unsweetened shredded coconut; shredded sweetened coconut; shredded coconut; coconut powder; coconut butter
milk chocolate,26,2.6,9,17,27,120.0,12.56,milk chocolate; coarsely chopped milk chocolate bars; milk chocolate bar; any milk chocolate of your choice; milk chocolate disks
hazelnut spread,25,2.5,2,23,26,182.1,21.45,nutella; hazelnut spread; nutella ; vegan nutella or homemade chocolate hazelnut butter; 400g nutella
maple syrup,25,2.5,6,19,27,78.0,11.83,maple syrup; pure maple syrup; maple extract; maple syrup⁠
pumpkin puree,25,2.5,0,25,25,150.0,14.38,pumpkin puree; pure pumpkin puree; pumpkin purée; canned pumpkin puree; canned pumpkin
graham crackers,22,2.2,0,22,23,70.0,7.95,graham cracker crumbs; graham crackers; graham crackers / digestive biscuits; chopped graham crackers; sleeve honey graham crackers broken into pieces
pecans,22,2.2,1,21,24,100.0,8.24,pecans; chopped pecans; toasted pecans; coarsely chopped pecans; lightly toasted
spice mix,22,2.2,0,22,23,2.1,0.24,pumpkin pie spice; pumpkin spice; mixed spice; pumpkin pie spice click the link for instructions to make ho; optional for garnish: sprinkle of pumpkin pie spice
corn syrup,21,2.1,0,21,22,40.0,3.74,light corn syrup; corn syrup; corn syrup or honey; light corn syrup or glucose syrup; glucose or light corn syrup
honey,21,2.1,2,19,21,57.0,4.0,honey; honey or agave; raw honey; honey or corn syrup; honey 1oz
m&ms,21,2.1,1,20,22,200.0,23.19,m&ms; m&m’s® milk chocolate; m&m's; m&m’s = 1/3 cup; große packung m&m's
sprinkles,21,2.1,7,14,24,50.0,7.64,sprinkles; some sprinkles; sprinkles optional; sprinkles for decorating; rainbow sprinkles
berries,20,2.0,5,15,22,49.6,7.46,raspberries; raspberry jam; strawberry jam; fresh blueberries; frozen raspberries
caramel,20,2.0,2,18,22,147.0,13.46,soft caramels; caramels; caramel sauce; caramel bits; individual wrapped soft caramels
marshmallows,18,1.8,0,18,20,75.0,5.47,mini marshmallows; marshmallows; mini marshmallows cut in half; some marshmallows; marshmallows cut in half
almonds,17,1.7,0,17,18,80.0,11.23,sliced almonds; almond flakes; almonds; sliced almond; blanched spanish marcona almonds
other extract,17,1.7,0,17,19,4.3,0.7,lemon extract; rose water; ube extract; ube flavoring / coloring; anise extract
other spice,16,1.6,0,16,19,0.8,0.09,ground allspice; allspice; hari ilaychi/green cardamom powder; allspice powder; finely ground black pepper
sour cream / yogurt,15,1.5,2,13,15,60.0,5.44,sour cream; dairy free yogurt or unsweetened applesauce; sour cream room temperature; greek yogurt; natural yoghurt
coarse sugar,13,1.3,0,13,13,67.0,9.69,raw sugar; sanding sugar or coarse sugar; demerara sugar; granulated or coarse sugar; turbinado sugar
jam,13,1.3,0,13,15,160.0,20.3,fruit jam; ube jam; some jam of your choice; jam of choice; fruit/berry preserves or jam
biscoff biscuits,12,1.2,7,5,16,60.0,8.03,lotus biscoff biscuits; biscoff cookie butter; crushed biscoff cookies; melted biscoff cookie butter; biscoff cookies = 1/3 cup
gluten-free flour,12,1.2,1,11,14,247.5,23.29,or 1/2 cup white rice flour; kim's gluten free flour blend; gluten-free flour; gluten-free all-purpose flour; 1 3/4 cup 1-to-1 gluten-free flour
speculoos spread,12,1.2,7,5,14,53.5,6.31,speculoos spread; cookie butter; biscoff spread; royal icing; biscoff spread = 2 tbsp
coconut sugar,11,1.1,1,10,11,77.5,12.51,coconut sugar; unrefined coconut sugar; 150g coconut sugar
milk powder,11,1.1,4,7,11,15.0,2.47,milk powder; whole milk powder; skim milk powder; powdered milk
vinegar,11,1.1,1,10,11,5.0,0.44,vinegar; white vinegar; balsamic vinegar; apple cider vinegar; tbspwhite vinegar
meringue powder,10,1.0,2,8,10,30.0,2.28,meringue powder
oreo cookies,10,1.0,3,7,13,100.2,7.79,oreo cookies; oreo = 1/3 cup; chopped oreos; chopped oreo; oreo = 1/2 cup
shortening,10,1.0,0,10,10,79.2,8.98,shortening; vegetable shortening; vegetable shortening i use crisco; vegan shortening; soft shortening
banana,9,0.9,6,3,9,120.0,38.02,banana; ripe banana; bananas
nut butter,9,0.9,0,9,9,128.0,20.07,tahini; all-natural unsalted almond butter; smooth tahini; creamy almond butter; almond butter
nuts,9,0.9,0,9,13,80.0,7.62,chopped nuts; some toasted nuts; mixed nuts; nuts; chopped nuts or dried fruits
vanilla sugar,9,0.9,7,2,9,8.0,1.02,vanilla sugar; vanilla sugar or extract
bread flour,8,0.8,1,7,8,238.3,24.23,bread flour; or 1 1/4 cups bread flour
hazelnuts,7,0.7,0,7,7,100.0,10.2,hazelnut cream spread; hazelnut coffee grounds; crushed hazelnuts; hazelnut flour; 85 grams whole hazelnuts
oat flour,7,0.7,2,5,7,92.0,20.93,oat flour; fine oat flour
whole wheat flour,7,0.7,0,7,7,90.0,13.74,whole wheat flour; rye flour; white; white whole wheat flour; spelt flour
applesauce,6,0.6,1,5,6,95.0,14.82,unsweetened applesauce; applesauce; unsweetened apple sauce
flax / chia seeds,6,0.6,2,4,6,15.0,1.64,flaxseed meal; ground flax seeds; flax egg; ground flaxseed meal; ground flax seed
golden syrup,6,0.6,1,5,6,71.2,13.02,golden syrup; golden syrup or liquid glucose; golden syrup = 2 tbsp
peanut butter chips,6,0.6,1,5,6,42.5,6.71,peanut butter chips; reese cups; peanut butter chips = 1/3 cup; reese's mini peanut butter cups
peanuts,6,0.6,0,6,6,200.0,15.8,unsalted dry-roasted peanuts; natural crunchy peanute butter; peanuts; salted peanuts; 350 grams salted roasted peanuts
pistachios,6,0.6,2,4,7,57.5,5.08,pistachios; toasted pistachios; kacang pistachio; whole toasted and salted pistachios; chopped pistachios
sweetened condensed milk,6,0.6,1,5,6,202.0,19.52,sweetened condensed milk; can condensed milk; condensed milk; sweetened condensed milk = 1.25 cups
other starch,5,0.5,0,5,5,7.5,1.58,tapioca starch; tapioca starch or cornstarch; potato starch
protein powder,5,0.5,4,1,5,45.0,11.41,protein powder; scoops isopure unflavored whey protein isolate
self-raising flour,5,0.5,2,3,5,225.0,27.96,self-raising flour; self-rising flour
cake / cookie mix,4,0.4,0,4,4,432.0,66.35,box red velvet cake mix; 13.25-oz. box red velvet cake mix; pkg. cake mix 1/2 cup oil2 eggs
chocolate candies,4,0.4,0,4,4,180.0,19.36,hersey’s chocolate kisses; chocolate kisses in place of jam; rolo candies
coffee,4,0.4,0,4,4,29.6,2.47,hot brewed coffee; shots of espresso; espresso; finely ground dark roasted coffee beans
kinder bueno,4,0.4,3,1,4,118.2,9.54,kinder bueno; kinder bueno sticks
freeze-dried fruit,3,0.3,2,1,3,17.5,2.32,freeze-dried raspberries; freeze-dried strawberries + more for decoration
pistachio cream,3,0.3,2,1,4,140.0,17.36,pistachio cream; pistachio paste
pretzels,3,0.3,0,3,3,40.0,2.43,pretzel; pretzel chips; broken pretzel pieces
sourdough discard,3,0.3,2,1,3,115.0,14.48,sourdough discard
sweetener,3,0.3,1,2,3,80.0,9.42,sweetener; liquid stevia; granulated stevia
tea,3,0.3,2,1,3,4.0,0.23,earl grey tea; chai tea; green tea powder
toffee,3,0.3,1,2,3,138.5,10.29,toffee bars; toffee bar chunks; toffee bits
buttercream,2,0.2,1,1,2,,,buttercream; frostings and/or sprinkles as desired for decorating
buttermilk,2,0.2,0,2,2,15.1,1.89,buttermilk
cashews,2,0.2,0,2,2,97.5,6.61,raw unsalted cashews; cashews
coconut flour,2,0.2,0,2,2,22.1,7.21,coconut flour
margarine,2,0.2,0,2,2,166.8,15.62,vegan margarine; margarine
mascarpone,2,0.2,1,1,2,146.8,13.74,mascarpone; mascarpone cheese
pudding mix,2,0.2,0,2,2,105.4,8.88,vanilla custard powder; packages small instant pudding
butterscotch chips,1,0.1,0,1,1,,,butterscotch chips
chips ahoy cookies,1,0.1,1,0,1,100.0,7.12,chips ahoy cookies
chocolate sauce,1,0.1,1,0,1,99.9,9.9,chocolate sauce
fudge pieces,1,0.1,1,0,1,,,fudge pieces
marshmallow fluff,1,0.1,0,1,1,96.0,13.71,marshmallow creme
peanut butter powder,1,0.1,1,0,1,40.0,4.71,peanut butter powder
xanthan gum,1,0.1,0,1,1,1.6,0.29,xanthan gum
